#TYPE Selected.System.Management.ManagementObject
"PSComputerName","Status","Caption","PasswordExpires","__GENUS","__CLASS","__SUPERCLASS","__DYNASTY","__RELPATH","__PROPERTY_COUNT","__DERIVATION","__SERVER","__NAMESPACE","__PATH","AccountType","Description","Disabled","Domain","FullName","InstallDate","LocalAccount","Lockout","Name","PasswordChangeable","PasswordRequired","SID","SIDType","Scope","Path","Options","ClassPath","Properties","SystemProperties","Qualifiers","Site","Container"
"WIN-NUSQ0F7JDCU","OK","WIN-NUSQ0F7JDCU\Administrator","False","2","Win32_UserAccount","Win32_Account","CIM_ManagedSystemElement","Win32_UserAccount.Domain=""WIN-NUSQ0F7JDCU"",Name=""Administrator""","16","System.String[]","WIN-NUSQ0F7JDCU","root\cimv2","\\WIN-NUSQ0F7JDCU\root\cimv2:Win32_UserAccount.Domain=""WIN-NUSQ0F7JDCU"",Name=""Administrator""","512","Built-in account for administering the computer/domain","False","WIN-NUSQ0F7JDCU","",,"True","False","Administrator","True","True","S-1-5-21-2099710858-2550524913-1379360662-500","1","System.Management.ManagementScope","\\WIN-NUSQ0F7JDCU\root\cimv2:Win32_UserAccount.Domain=""WIN-NUSQ0F7JDCU"",Name=""Administrator""","System.Management.ObjectGetOptions","\\WIN-NUSQ0F7JDCU\root\cimv2:Win32_UserAccount","System.Management.PropertyDataCollection","System.Management.PropertyDataCollection","System.Management.QualifierDataCollection",,
"WIN-NUSQ0F7JDCU","Degraded","WIN-NUSQ0F7JDCU\DefaultAccount","False","2","Win32_UserAccount","Win32_Account","CIM_ManagedSystemElement","Win32_UserAccount.Domain=""WIN-NUSQ0F7JDCU"",Name=""DefaultAccount""","16","System.String[]","WIN-NUSQ0F7JDCU","root\cimv2","\\WIN-NUSQ0F7JDCU\root\cimv2:Win32_UserAccount.Domain=""WIN-NUSQ0F7JDCU"",Name=""DefaultAccount""","512","A user account managed by the system.","True","WIN-NUSQ0F7JDCU","",,"True","False","DefaultAccount","True","False","S-1-5-21-2099710858-2550524913-1379360662-503","1","System.Management.ManagementScope","\\WIN-NUSQ0F7JDCU\root\cimv2:Win32_UserAccount.Domain=""WIN-NUSQ0F7JDCU"",Name=""DefaultAccount""","System.Management.ObjectGetOptions","\\WIN-NUSQ0F7JDCU\root\cimv2:Win32_UserAccount","System.Management.PropertyDataCollection","System.Management.PropertyDataCollection","System.Management.QualifierDataCollection",,
"WIN-NUSQ0F7JDCU","Degraded","WIN-NUSQ0F7JDCU\Guest","False","2","Win32_UserAccount","Win32_Account","CIM_ManagedSystemElement","Win32_UserAccount.Domain=""WIN-NUSQ0F7JDCU"",Name=""Guest""","16","System.String[]","WIN-NUSQ0F7JDCU","root\cimv2","\\WIN-NUSQ0F7JDCU\root\cimv2:Win32_UserAccount.Domain=""WIN-NUSQ0F7JDCU"",Name=""Guest""","512","Built-in account for guest access to the computer/domain","True","WIN-NUSQ0F7JDCU","",,"True","False","Guest","False","False","S-1-5-21-2099710858-2550524913-1379360662-501","1","System.Management.ManagementScope","\\WIN-NUSQ0F7JDCU\root\cimv2:Win32_UserAccount.Domain=""WIN-NUSQ0F7JDCU"",Name=""Guest""","System.Management.ObjectGetOptions","\\WIN-NUSQ0F7JDCU\root\cimv2:Win32_UserAccount","System.Management.PropertyDataCollection","System.Management.PropertyDataCollection","System.Management.QualifierDataCollection",,
"WIN-NUSQ0F7JDCU","OK","WIN-NUSQ0F7JDCU\mpaga","True","2","Win32_UserAccount","Win32_Account","CIM_ManagedSystemElement","Win32_UserAccount.Domain=""WIN-NUSQ0F7JDCU"",Name=""mpaga""","16","System.String[]","WIN-NUSQ0F7JDCU","root\cimv2","\\WIN-NUSQ0F7JDCU\root\cimv2:Win32_UserAccount.Domain=""WIN-NUSQ0F7JDCU"",Name=""mpaga""","512","","False","WIN-NUSQ0F7JDCU","",,"True","False","mpaga","True","False","S-1-5-21-2099710858-2550524913-1379360662-1000","1","System.Management.ManagementScope","\\WIN-NUSQ0F7JDCU\root\cimv2:Win32_UserAccount.Domain=""WIN-NUSQ0F7JDCU"",Name=""mpaga""","System.Management.ObjectGetOptions","\\WIN-NUSQ0F7JDCU\root\cimv2:Win32_UserAccount","System.Management.PropertyDataCollection","System.Management.PropertyDataCollection","System.Management.QualifierDataCollection",,
"WIN-NUSQ0F7JDCU","Degraded","WIN-NUSQ0F7JDCU\WDAGUtilityAccount","True","2","Win32_UserAccount","Win32_Account","CIM_ManagedSystemElement","Win32_UserAccount.Domain=""WIN-NUSQ0F7JDCU"",Name=""WDAGUtilityAccount""","16","System.String[]","WIN-NUSQ0F7JDCU","root\cimv2","\\WIN-NUSQ0F7JDCU\root\cimv2:Win32_UserAccount.Domain=""WIN-NUSQ0F7JDCU"",Name=""WDAGUtilityAccount""","512","A user account managed and used by the system for Windows Defender Application Guard scenarios.","True","WIN-NUSQ0F7JDCU","",,"True","False","WDAGUtilityAccount","True","True","S-1-5-21-2099710858-2550524913-1379360662-504","1","System.Management.ManagementScope","\\WIN-NUSQ0F7JDCU\root\cimv2:Win32_UserAccount.Domain=""WIN-NUSQ0F7JDCU"",Name=""WDAGUtilityAccount""","System.Management.ObjectGetOptions","\\WIN-NUSQ0F7JDCU\root\cimv2:Win32_UserAccount","System.Management.PropertyDataCollection","System.Management.PropertyDataCollection","System.Management.QualifierDataCollection",,
